<!-- PRIORITY: High=1, Medium=2, Low=3 -->
<!-- DISABILITY rank: TB=2, LV=3, CB=5, TB*LV=6, TB*CB=10, LV*CB=15, TB*LV*CB=30 -->

<FEATURES>
	<FEATURE id="1">
		<TITLE>Text alternatives for images</TITLE>
		<DISABILITY rank="30">Total Blind, Low Vision, Color Blind</DISABILITY>
		<PRIORITY level="1">High</PRIORITY> 
		<ERROR>Image missing alternative</ERROR>
		<DESCRIPTION>The images that represent some information about the content of the Website should have alternative description in text. This text alternative is used by screen readers to convey the content of image to visually impaired users who cannot clearly observe images. The text alternative should not necessarily describe the visual characteristics of the image itself but must convey the same meaning as the image.</DESCRIPTION>
		<SOLUTION>Enter alt attributes on img elements. And enter null alt text and no title attribute on img elements used for decoration that screen readers should ignore.</SOLUTION>
	</FEATURE>
</FEATURES>